{
  "mainnet": 79481.348786,
  "arbitrum": 7983.324728,
  "base": 5570.071217,
  "optimism": 2499.486096,
  "polygon": 1824.461427,
  "mantle": 1661.694423,
  "unichain": 1060.70428,
  "linea": 794.117653
}