{
  "mainnet": 78419.479736,
  "sepolia": 66710.657566,
  "polygon": 1893.693438,
  "optimism": 2407.988748,
  "mantle": 1646.906311,
  "base": 5494.780709,
  "arbitrum": 7797.141828,
  "scroll": 0,
  "linea": 707.278928
}