{
  "mainnet": 81042.593827,
  "arbitrum": 8059.615063,
  "base": 5126.508813,
  "optimism": 2481.309166,
  "polygon": 1803.403545,
  "mantle": 1711.187218,
  "unichain": 1069.073748,
  "linea": 756.027154
}