{
  "mainnet": 80536.356646,
  "arbitrum": 7989.413237,
  "base": 5163.395687,
  "optimism": 2471.772062,
  "polygon": 1814.790156,
  "mantle": 1704.05247,
  "unichain": 1102.011079,
  "linea": 846.57276
}