{
  "mainnet": 75074.689211,
  "arbitrum": 7822.736678,
  "base": 5486.932985,
  "optimism": 2409.151083,
  "polygon": 1893.692651,
  "mantle": 1612.709085,
  "unichain": 991.107395,
  "linea": 714.658959,
  "avalanche": 0,
  "fuji": 0,
  "ronin": 0,
  "scroll": 0,
  "sepolia": 0
}