{
  "mainnet": 79625.084114,
  "arbitrum": 7876.241813,
  "base": 5269.383521,
  "optimism": 2519.621049,
  "polygon": 1822.578077,
  "mantle": 1675.6783,
  "unichain": 1039.811634,
  "linea": 817.671195
}