{
  "mainnet": 81205.889069,
  "arbitrum": 8097.470431,
  "base": 5160.404277,
  "optimism": 2496.303286,
  "polygon": 1803.009906,
  "mantle": 1717.495251,
  "unichain": 1072.165712,
  "linea": 772.663974
}