{
  "mainnet": 79731.366249,
  "arbitrum": 7911.681896,
  "base": 5298.289532,
  "optimism": 2532.58124,
  "polygon": 1822.577328,
  "mantle": 1682.371633,
  "unichain": 1058.006009,
  "linea": 816.045135
}