{
  "mainnet": 80352.440964,
  "arbitrum": 7952.775705,
  "base": 5242.355208,
  "optimism": 2458.207618,
  "polygon": 1821.460273,
  "mantle": 1698.94562,
  "unichain": 1108.549119,
  "linea": 843.773099
}