{
  "mainnet": 80608.531447,
  "arbitrum": 8014.645559,
  "base": 5133.902302,
  "optimism": 2478.3866,
  "polygon": 1814.480801,
  "mantle": 1713.838456,
  "unichain": 1037.252538,
  "linea": 864.951444
}