{
  "mainnet": 80753.564987,
  "arbitrum": 8008.877372,
  "base": 5200.3494,
  "optimism": 2479.933919,
  "polygon": 1814.6832,
  "mantle": 1708.991779,
  "unichain": 1120.527809,
  "linea": 851.925414
}