{
  "mainnet": 79763.929784,
  "arbitrum": 7917.896352,
  "base": 5293.438462,
  "optimism": 2526.461356,
  "polygon": 1822.577328,
  "mantle": 1683.65163,
  "unichain": 1061.524901,
  "linea": 813.691748
}