{
  "mainnet": 81230.391939,
  "arbitrum": 8171.95522,
  "base": 5222.539032,
  "optimism": 2489.801022,
  "polygon": 1802.972676,
  "mantle": 1732.987151,
  "unichain": 1042.629436,
  "linea": 801.114122
}