{
  "mainnet": 79153.143299,
  "arbitrum": 7767.80135,
  "base": 5421.569819,
  "optimism": 2448.999857,
  "polygon": 1867.417397,
  "mantle": 1642.168174,
  "unichain": 1040.60512,
  "linea": 751.86029
}