{
  "mainnet": 80168.500677,
  "arbitrum": 7978.226293,
  "base": 5254.533691,
  "optimism": 2554.928059,
  "polygon": 1821.462368,
  "mantle": 1692.185479,
  "unichain": 1089.296721,
  "linea": 826.770915
}