{
  "mainnet": 81392.74393,
  "arbitrum": 8136.276647,
  "base": 5183.327321,
  "optimism": 2474.276923,
  "polygon": 1802.972676,
  "mantle": 1725.150589,
  "unichain": 1085.685718,
  "linea": 785.084914
}