{
  "mainnet": 80826.277882,
  "arbitrum": 8041.168641,
  "base": 5105.285322,
  "optimism": 2469.609311,
  "polygon": 1803.866684,
  "mantle": 1704.187318,
  "unichain": 1059.13939,
  "linea": 744.71628
}