{
  "mainnet": 79963.374398,
  "arbitrum": 7938.329135,
  "base": 5244.468041,
  "optimism": 2548.642025,
  "polygon": 1822.569777,
  "mantle": 1691.362633,
  "unichain": 1083.202852,
  "linea": 825.796838
}