{
  "mainnet": 81401.839461,
  "arbitrum": 8175.967062,
  "base": 5237.152457,
  "optimism": 2499.599698,
  "polygon": 1802.972601,
  "mantle": 1737.427073,
  "unichain": 1045.76352,
  "linea": 793.541445
}